solver,seed,max_spawn,seed_failed,fail_reason,enforce_ir,platoon_bonus,comm_delay,p_loss,async_frac,drag_reduce_pct,cd_rate_window,drag_force_window,ttc_p5,abs_acc_mean,abs_acc_rms,n_window_samples,clearing_time,merged,n_steps,avg_speed,min_speed,solve_time,total_utility,ir_violation_rate,platoon_len_avg,platoon_len_max,conv_iters,conv_fail_rate,success_rate,n_success,n_trials,method,spawn
adhoc,1,52,0,,True,0.5,0,0.0,1.0,9.05738495598002,0.9094261504401998,171.46913866289594,7.042892144215748,0.2488529729572005,0.34976384803006305,373,43.1,52.0,526,19.109019491988366,16.53600312459199,8.758745250041364e-06,7.813325339701924,0.0,3.161081322609473,4.254691689008043,nan,nan,0.9666666666666667,29,30,adhoc,52
adhoc,2,52,0,,True,0.5,0,0.0,1.0,10.476328829937376,0.8952367117006262,171.66892105921872,8.102158966692734,0.22887428029013526,0.34157804955778337,372,42.1,52.0,521,19.588283155597587,17.796676804721013,8.77600768246562e-06,7.857057672341524,0.0,4.743727598566307,6.169354838709677,nan,nan,0.9666666666666667,29,30,adhoc,52
adhoc,3,52,0,,True,0.5,0,0.0,1.0,9.47500019868116,0.9052499980131884,169.2069262552388,7.80689154259757,0.2041830711210339,0.31595178378188893,386,44.5,52.0,539,19.20178395868201,16.92416763626686,8.487012981509934e-06,7.826243209476316,0.0,2.9373920552677033,3.784974093264249,nan,nan,0.9666666666666667,29,30,adhoc,52
adhoc,4,52,0,,True,0.5,0,0.0,1.0,8.714785715285222,0.9128521428471478,176.62707957074178,8.514115359664498,0.27997952515056385,0.38650165636352585,398,45.0,52.0,552,19.166461809820103,16.665728112052708,7.984601460936139e-06,7.7895845659843586,0.0,4.297319932998325,5.4623115577889445,nan,nan,0.9666666666666667,29,30,adhoc,52
adhoc,5,52,0,,True,0.5,0,0.0,1.0,9.392517253168842,0.9060748274683116,170.3775418579832,7.830005058680872,0.24938225893773086,0.34960051384543633,378,43.5,52.0,529,19.304098523449113,16.95759907398187,8.345179568682044e-06,7.821962388705973,0.0,3.154982363315697,3.9021164021164023,nan,nan,0.9666666666666667,29,30,adhoc,52
adhoc,6,52,0,,True,0.5,0,0.0,1.0,9.340825227902183,0.9065917477209782,172.3382019043666,8.008702963207034,0.22126254953825147,0.32600849915040797,377,43.0,52.0,531,19.643454366921244,17.225913259653073,8.128813544536619e-06,7.801061323396076,0.0,3.5632183908045976,4.872679045092839,nan,nan,0.9666666666666667,29,30,adhoc,52
adhoc,7,52,0,,True,0.5,0,0.0,1.0,9.773880300558247,0.9022611969944175,179.92553411430958,9.204621019849522,0.22814628920475352,0.286490580111988,362,42.400000000000006,52.0,523,19.910618699998412,18.603595312459408,8.045697896717123e-06,7.831040084849206,0.0,3.116022099447514,3.839779005524862,nan,nan,0.9666666666666667,29,30,adhoc,52
adhoc,8,52,0,,True,0.5,0,0.0,1.0,9.786549910022934,0.9021345008997707,169.59393662774798,6.727052525603363,0.24205060027588374,0.35782487182723627,376,43.900000000000006,52.0,533,19.346492614208657,16.280725515668955,8.354033768550468e-06,7.793649706995574,0.0,3.9878102836879434,5.194148936170213,nan,nan,0.9666666666666667,29,30,adhoc,52
adhoc,9,52,0,,True,0.5,0,0.0,1.0,9.52601164982264,0.9047398835017736,170.1741407557805,7.871114359032278,0.22573340564578145,0.31471754225489423,366,41.7,52.0,518,19.456654200912066,17.556339195043243,8.241698828879358e-06,7.827605706729298,0.0,3.617030965391621,4.631147540983607,nan,nan,0.9666666666666667,29,30,adhoc,52
adhoc,10,52,0,,True,0.5,0,0.0,1.0,8.9334785658452,0.910665214341548,170.09887335143256,7.781870273522708,0.2294850806714074,0.32996552010796654,386,43.300000000000004,52.0,535,19.28378840556123,16.773508543253577,8.146542049276645e-06,7.799549932425423,0.0,3.395077720207254,4.155440414507772,nan,nan,0.9666666666666667,29,30,adhoc,52
adhoc,11,52,0,,True,0.5,0,0.0,1.0,8.360940454959398,0.916390595450406,166.44040415961817,9.773143997739648,0.15937489597054935,0.2657145589537832,399,45.2,52.0,555,18.979558784806226,16.775133709257194,7.920360366296263e-06,7.7874002073520305,0.0,2.2698412698412698,3.087719298245614,nan,nan,0.9666666666666667,29,30,adhoc,52
adhoc,12,52,0,,True,0.5,0,0.0,1.0,10.149040265514087,0.8985095973448591,170.2908855545965,8.180651495584002,0.2244052067905052,0.3170383473873511,389,44.6,52.0,544,19.311739477863267,16.779675129552295,7.995036752691596e-06,7.839686651742718,0.0,3.861610968294773,4.57840616966581,nan,nan,0.9666666666666667,29,30,adhoc,52
adhoc,13,52,0,,True,0.5,0,0.0,1.0,9.261803590627672,0.9073819640937233,167.63403875089443,7.4473776127498805,0.20915930073847352,0.30591459678544103,370,43.300000000000004,52.0,534,19.49141058713885,17.618773517415992,8.176966304595413e-06,7.778377026308164,0.0,2.798873873873874,3.443243243243243,nan,nan,0.9666666666666667,29,30,adhoc,52
adhoc,14,52,0,,True,0.5,0,0.0,1.0,10.130342251817526,0.8986965774818247,165.8308502071541,7.906503152755203,0.2183050920107207,0.31304259337751994,391,43.900000000000006,52.0,539,18.998735172568473,16.995314241624484,8.148608526974357e-06,7.831737126982474,0.0,2.8834185848252347,3.6930946291560103,nan,nan,0.9666666666666667,29,30,adhoc,52
adhoc,15,52,0,,True,0.5,0,0.0,1.0,10.415096413914727,0.8958490358608527,165.87970651080738,9.241009386550108,0.2015778862419275,0.30976597504840503,381,43.6,52.0,540,19.32356096504784,17.07710008473524,8.047222218010575e-06,7.86867916009728,0.0,3.9418197725284343,4.7952755905511815,nan,nan,0.9666666666666667,29,30,adhoc,52
adhoc,16,52,0,,True,0.5,0,0.0,1.0,10.070846739021256,0.8992915326097874,169.84014384604225,8.170677303600597,0.2105537655285371,0.2811525180328219,369,41.400000000000006,52.0,515,19.699633108722495,18.319955606674075,8.185631066985435e-06,7.868740035143098,0.0,3.475609756097561,4.444444444444445,nan,nan,0.9666666666666667,29,30,adhoc,52
adhoc,17,52,0,,True,0.5,0,0.0,1.0,10.02209406399972,0.8997790593600028,165.32726224304886,8.874135490998814,0.17920462047531172,0.26163779283683697,371,41.900000000000006,52.0,520,19.489527285499854,17.920417809989242,8.184807692347161e-06,7.876904254895053,0.0,3.610736747529201,4.442048517520216,nan,nan,0.9666666666666667,29,30,adhoc,52
adhoc,18,52,0,,True,0.5,0,0.0,1.0,10.42238398317199,0.8957761601682801,173.51714426669665,7.952351496588532,0.22212291287124358,0.2992359293703344,360,40.6,52.0,505,19.681632840105124,17.86539529804518,8.335247531420571e-06,7.851390938950693,0.0,4.0569444444444445,4.816666666666666,nan,nan,0.9666666666666667,29,30,adhoc,52
adhoc,19,52,0,,True,0.5,0,0.0,1.0,8.901932705310411,0.9109806729468959,176.23498191773032,8.912103661321861,0.2345241102913197,0.30927502377426946,385,43.2,52.0,533,19.561037247635948,17.924245429708428,8.093621017291824e-06,7.839135591445754,0.0,4.066017316017316,5.103896103896104,nan,nan,0.9666666666666667,29,30,adhoc,52
adhoc,20,52,0,,True,0.5,0,0.0,1.0,9.77238167165584,0.9022761832834416,177.62867580085256,7.250972453257128,0.23939491799058166,0.3307057320770059,352,40.400000000000006,52.0,502,19.42497215074338,17.184792928796686,8.396812750088502e-06,7.807797378045399,0.0,4.822916666666667,6.34375,nan,nan,0.9666666666666667,29,30,adhoc,52
adhoc,21,52,1,planner_abort,True,0.5,0,0.0,1.0,10.286398304188637,0.8971360169581136,167.40808848740818,7.15671636250019,0.25072092397604995,0.5117182911637577,247,37.0,31.0,370,19.25504161846859,16.510696624872697,8.676486491035698e-06,7.78318351961934,0.0,4.125506072874494,5.0,nan,nan,0.9666666666666667,29,30,adhoc,52
adhoc,22,52,0,,True,0.5,0,0.0,1.0,9.847903087531728,0.9015209691246827,166.28621161307808,6.223614132193734,0.21981532339101303,0.33364440634943804,372,42.5,52.0,520,19.435900504056708,17.055393184740733,8.313269226898858e-06,7.8280565113370075,0.0,3.5116487455197136,4.42741935483871,nan,nan,0.9666666666666667,29,30,adhoc,52
adhoc,23,52,0,,True,0.5,0,0.0,1.0,9.89709682567933,0.9010290317432067,167.13113531858906,7.874288197244432,0.18672687992770334,0.25504270760455544,348,40.5,52.0,500,19.812801686777608,18.174012608262515,8.272399993984435e-06,7.8531665406102835,0.0,3.2332375478927204,4.155172413793103,nan,nan,0.9666666666666667,29,30,adhoc,52
adhoc,24,52,0,,True,0.5,0,0.0,1.0,11.262823538603882,0.8873717646139612,170.47852637847402,7.967161616580728,0.23114085232605922,0.33430539385573427,376,43.1,52.0,527,19.367856870301537,17.42249174360709,8.247628082406999e-06,7.8756677669051856,0.0,4.610372340425532,5.082446808510638,nan,nan,0.9666666666666667,29,30,adhoc,52
adhoc,25,52,0,,True,0.5,0,0.0,1.0,9.523282257215593,0.9047671774278441,165.89490065434438,7.340090586401018,0.22071499981519505,0.34882470591275155,370,42.800000000000004,52.0,527,19.237270931748522,16.59389400204598,8.288994299437726e-06,7.82389030658883,0.0,3.4472972972972973,4.456756756756757,nan,nan,0.9666666666666667,29,30,adhoc,52
adhoc,26,52,0,,True,0.5,0,0.0,1.0,10.084412076746062,0.8991558792325394,171.83227404453882,7.762266756351463,0.23497156302669445,0.31485120112737447,368,41.900000000000006,52.0,516,19.471490995318206,17.35453061319265,8.23798449110027e-06,7.85353881983647,0.0,3.533740942028985,4.331521739130435,nan,nan,0.9666666666666667,29,30,adhoc,52
adhoc,27,52,0,,True,0.5,0,0.0,1.0,9.844507619872022,0.9015549238012798,171.90436508059878,8.849040094756464,0.18935928595654702,0.2749978971058219,376,42.800000000000004,52.0,529,19.71922429757823,18.066094445083632,8.061814756017512e-06,7.840640488150715,0.0,3.2823581560283683,4.090425531914893,nan,nan,0.9666666666666667,29,30,adhoc,52
adhoc,28,52,0,,True,0.5,0,0.0,1.0,9.086395945754921,0.9091360405424508,176.66642232285082,9.23307548423869,0.21715818773136233,0.288166682371521,364,42.1,52.0,522,19.595351177745123,17.90290571444649,8.132758627837634e-06,7.7946155193435755,0.0,3.031043956043956,3.6016483516483517,nan,nan,0.9666666666666667,29,30,adhoc,52
adhoc,29,52,0,,True,0.5,0,0.0,1.0,10.021747497422261,0.8997825250257774,169.81484098645865,7.759453096719885,0.24702506833347973,0.3329720500563809,374,43.1,52.0,528,19.370703610043194,17.182597052688642,8.233143944380572e-06,7.865141091773952,0.0,4.999108734402852,5.938502673796791,nan,nan,0.9666666666666667,29,30,adhoc,52
adhoc,30,52,0,,True,0.5,0,0.0,1.0,9.382866880860696,0.906171331191393,174.8555026785009,8.613107062550993,0.2530786886451686,0.33830845168345225,371,42.1,52.0,519,19.382973837046087,17.470520894022695,8.147784216373589e-06,7.830996385171308,0.0,3.9631626235399824,4.973045822102426,nan,nan,0.9666666666666667,29,30,adhoc,52
greedy_faithful,1,52,0,,True,0.5,0,0.0,1.0,9.477730939046703,0.905222690609533,171.5717668647145,7.753402902273352,0.2296359507678434,0.32810904082539877,371,42.7,52.0,524,19.14231352346249,16.829536563682822,8.722900765548265e-06,7.813967479867868,0.0,2.9243036837376457,3.816711590296496,nan,nan,0.9666666666666667,29,30,greedy_faithful,52
greedy_faithful,2,52,0,,True,0.5,0,0.0,1.0,10.715982109152645,0.8928401789084736,175.19545052713656,8.778962233568668,0.2268182640080918,0.3377040135463767,372,42.1,52.0,521,19.641779822566217,17.82311353790814,8.604798461903255e-06,7.853934499899064,0.0,5.139784946236559,6.411290322580645,nan,nan,0.9666666666666667,29,30,greedy_faithful,52
greedy_faithful,3,52,0,,True,0.5,0,0.0,1.0,9.329158746176947,0.9067084125382305,170.74390581278618,10.0,0.17804062745508165,0.2686034962168874,392,44.5,52.0,546,19.37131053999558,17.793027485869843,8.342124544299792e-06,7.845504690206172,0.0,3.154761904761904,3.9846938775510203,nan,nan,0.9666666666666667,29,30,greedy_faithful,52
greedy_faithful,4,52,0,,True,0.5,0,0.0,1.0,9.960743678252292,0.9003925632174771,174.74902766082596,8.159944477526087,0.29161037277892465,0.3899474735212637,379,43.300000000000004,52.0,533,19.268193354609902,16.68564878664281,8.646716697200336e-06,7.798642468132374,0.0,3.9689973614775726,5.052770448548813,nan,nan,0.9666666666666667,29,30,greedy_faithful,52
greedy_faithful,5,52,0,,True,0.5,0,0.0,1.0,9.92590707779354,0.9007409292220646,165.8835751644217,9.30809470598772,0.1925805172634211,0.3109316061283363,374,42.400000000000006,52.0,525,19.35838317887639,17.360088316075572,8.625333341894604e-06,7.854812954661097,0.0,3.157754010695187,3.983957219251337,nan,nan,0.9666666666666667,29,30,greedy_faithful,52
greedy_faithful,6,52,0,,True,0.5,0,0.0,1.0,9.17643153716423,0.9082356846283577,172.40784120270627,7.7918454055785435,0.2266161214167506,0.32928761741811313,380,43.2,52.0,533,19.585931608291578,17.01697132850432,8.552345225905717e-06,7.798960287772049,0.0,2.918421052631579,4.094736842105263,nan,nan,0.9666666666666667,29,30,greedy_faithful,52
greedy_faithful,7,52,0,,True,0.5,0,0.0,1.0,9.893100013357081,0.9010689998664292,177.54420859515406,9.705138143119886,0.21400807248314743,0.27407825516572776,362,42.300000000000004,52.0,524,19.878156292147818,18.66729778491065,8.460877870848743e-06,7.83591535067738,0.0,2.991942909760589,3.6408839779005526,nan,nan,0.9666666666666667,29,30,greedy_faithful,52
greedy_faithful,8,52,0,,True,0.5,0,0.0,1.0,9.44220313625176,0.9055779686374824,172.4221909942143,6.882421863253249,0.238615713171508,0.3530859142342319,374,43.900000000000006,52.0,531,19.330943623322884,16.64202976368616,8.639548019027386e-06,7.801551740263909,0.0,3.1733511586452763,4.045454545454546,nan,nan,0.9666666666666667,29,30,greedy_faithful,52
greedy_faithful,9,52,0,,True,0.5,0,0.0,1.0,9.698414488030293,0.9030158551196971,169.0899944795192,8.013348459764169,0.20553923724502016,0.2929155159245274,376,42.7,52.0,529,19.51847379720859,17.749613140575978,8.544423450687617e-06,7.8695131262586715,0.0,3.74645390070922,4.6063829787234045,nan,nan,0.9666666666666667,29,30,greedy_faithful,52
greedy_faithful,10,52,0,,True,0.5,0,0.0,1.0,8.370592984961089,0.9162940701503891,172.29119711553668,8.900334606316507,0.2215956178837888,0.3018575641233432,375,42.2,52.0,523,19.70024219078505,18.11397848211526,8.595602295903637e-06,7.821226621930608,0.0,3.2422222222222215,4.08,nan,nan,0.9666666666666667,29,30,greedy_faithful,52
greedy_faithful,11,52,0,,True,0.5,0,0.0,1.0,8.701446329867613,0.9129855367013239,167.9116999070751,8.543831568942029,0.15338089968472127,0.2399150309872699,373,43.0,52.0,530,19.48735476566945,17.860065192003347,8.50490565889626e-06,7.800001778152645,0.0,2.382260947274352,3.222520107238606,nan,nan,0.9666666666666667,29,30,greedy_faithful,52
greedy_faithful,12,52,0,,True,0.5,0,0.0,1.0,9.767734940416306,0.9023226505958369,170.38819738318446,8.57337883911442,0.19981245996477265,0.27075739096405355,373,43.300000000000004,52.0,526,19.6163880754381,18.13467866699986,8.587262360005619e-06,7.839014977352078,0.0,3.392314566577301,4.037533512064343,nan,nan,0.9666666666666667,29,30,greedy_faithful,52
greedy_faithful,13,52,0,,True,0.5,0,0.0,1.0,9.171738631524207,0.9082826136847579,170.93862152310064,8.814481548344201,0.18421915641596331,0.28630462772750487,367,43.0,52.0,532,19.51843450547907,17.843110922782497,8.508834585690669e-06,7.787233024972279,0.0,2.9968210717529518,3.760217983651226,nan,nan,0.9666666666666667,29,30,greedy_faithful,52
greedy_faithful,14,52,0,,True,0.5,0,0.0,1.0,9.251648141555336,0.9074835185844466,166.14459661162363,8.339575788069169,0.19691698774116184,0.2820769180100425,381,43.0,52.0,530,19.462468531428105,17.54586457233324,8.554528306736962e-06,7.829300652901054,0.0,2.847769028871391,3.952755905511811,nan,nan,0.9666666666666667,29,30,greedy_faithful,52
greedy_faithful,15,52,0,,True,0.5,0,0.0,1.0,9.627701116101772,0.9037229888389823,166.09634183973768,9.375315366844799,0.20275739538858234,0.31136933960522223,377,43.400000000000006,52.0,535,19.36657780757427,17.092499657206712,8.596448594213041e-06,7.858880864964892,0.0,3.5008841732979668,4.472148541114058,nan,nan,0.9666666666666667,29,30,greedy_faithful,52
greedy_faithful,16,52,0,,True,0.5,0,0.0,1.0,9.478229445005049,0.9052177055499495,176.10362395082288,7.7894394043224064,0.23571350090482898,0.3160479187614251,364,41.400000000000006,52.0,509,19.590328333211026,17.555140875186638,8.719449903741824e-06,7.832971987045603,0.0,3.198260073260073,4.217032967032967,nan,nan,0.9666666666666667,29,30,greedy_faithful,52
greedy_faithful,17,52,0,,True,0.5,0,0.0,1.0,9.846104797995759,0.9015389520200424,169.4043712556706,7.349527708250715,0.21009316251107998,0.30249446673058905,368,41.6,52.0,517,19.460872172945315,17.248930683450194,8.73868471579016e-06,7.8614991220803025,0.0,3.744565217391304,4.7853260869565215,nan,nan,0.9666666666666667,29,30,greedy_faithful,52
greedy_faithful,18,52,0,,True,0.5,0,0.0,1.0,9.820291307575257,0.9017970869242474,173.60072533361597,8.577132717358829,0.2009557982103848,0.28846821836995906,364,41.400000000000006,52.0,509,19.77462768930225,18.01801761870678,8.766994110043508e-06,7.848281738250506,0.0,3.9159798534798536,4.829670329670329,nan,nan,0.9666666666666667,29,30,greedy_faithful,52
greedy_faithful,19,52,0,,True,0.5,0,0.0,1.0,8.996972193764375,0.9100302780623563,173.40071165717748,8.694209273975508,0.22216471143232203,0.2999414856809024,385,43.2,52.0,533,19.52791560430585,17.886025611707833,8.537523458650865e-06,7.841479187778812,0.0,3.6309523809523805,4.5636363636363635,nan,nan,0.9666666666666667,29,30,greedy_faithful,52
greedy_faithful,20,52,1,planner_abort,True,0.5,0,0.0,1.0,9.35413455865256,0.9064586544134744,167.26331373790512,6.587825162546626,0.24899908749590766,0.5765052955835706,250,37.5,31.0,375,18.899832981945238,15.471445561379083,9.38960000470009e-06,7.78032740066249,0.0,3.508,4.928,nan,nan,0.9666666666666667,29,30,greedy_faithful,52
greedy_faithful,21,52,0,,True,0.5,0,0.0,1.0,10.292061330198132,0.8970793866980187,173.35146125123634,8.190644762912592,0.23137691891194467,0.32142050489565094,372,42.300000000000004,52.0,519,19.748019110528755,17.844922682774264,8.640655109895818e-06,7.833132477786767,0.0,4.020609318996416,4.986559139784946,nan,nan,0.9666666666666667,29,30,greedy_faithful,52
greedy_faithful,22,52,0,,True,0.5,0,0.0,1.0,9.746068069353186,0.9025393193064681,165.62945801038646,6.103808623917566,0.21056761027714632,0.3319888722917187,371,42.5,52.0,523,19.473897585157093,16.99097302326255,8.733652010791531e-06,7.824460574303567,0.0,3.252021563342318,4.115902964959568,nan,nan,0.9666666666666667,29,30,greedy_faithful,52
greedy_faithful,23,52,0,,True,0.5,0,0.0,1.0,10.25660900577382,0.8974339099422618,166.13119786609343,8.270650172212477,0.17856782987453976,0.24873547359996576,357,40.7,52.0,509,19.793535579283912,18.110196006116304,8.613359525814961e-06,7.8592301477665405,0.0,3.1879084967320264,4.1568627450980395,nan,nan,0.9666666666666667,29,30,greedy_faithful,52
greedy_faithful,24,52,0,,True,0.5,0,0.0,1.0,11.214155052603193,0.8878584494739681,170.98882799375002,8.279153012642519,0.23239903824430513,0.3224282103565114,370,42.6,52.0,522,19.59345800583213,17.895817499110287,8.716091952184407e-06,7.8623856543912884,0.0,4.626576576576577,5.437837837837838,nan,nan,0.9666666666666667,29,30,greedy_faithful,52
greedy_faithful,25,52,0,,True,0.5,0,0.0,1.0,9.273942875388075,0.9072605712461193,171.3279880020996,8.0734360600524,0.2026944869748262,0.2992257519105724,378,43.6,52.0,535,19.575469831541344,17.854827324505596,8.448411200699292e-06,7.825935205278083,0.0,3.3373015873015874,4.238095238095238,nan,nan,0.9666666666666667,29,30,greedy_faithful,52
greedy_faithful,26,52,0,,True,0.5,0,0.0,1.0,10.42169059475897,0.8957830940524103,180.67402602467692,8.327734258964036,0.25075524399714655,0.3245572842380277,365,41.400000000000006,52.0,513,19.691832724134535,17.47049259412591,8.490643268464427e-06,7.797154177772498,0.0,3.962100456621004,4.991780821917808,nan,nan,0.9666666666666667,29,30,greedy_faithful,52
greedy_faithful,27,52,0,,True,0.5,0,0.0,1.0,9.47449309880717,0.9052550690119283,169.61315122795745,9.191833816128247,0.1654236025188115,0.25711420884794667,377,42.800000000000004,52.0,529,19.704240391526618,18.066094445083632,8.623062381400381e-06,7.853019387842899,0.0,2.967506631299735,3.970822281167109,nan,nan,0.9666666666666667,29,30,greedy_faithful,52
greedy_faithful,28,52,0,,True,0.5,0,0.0,1.0,9.431728822412378,0.9056827117758762,176.19264417080032,8.367504496612584,0.24868223534175007,0.3310971862253974,387,44.6,52.0,545,19.15657943547423,16.790876803443957,8.499816511242348e-06,7.837407159647513,0.0,3.30275624461671,4.162790697674419,nan,nan,0.9666666666666667,29,30,greedy_faithful,52
greedy_faithful,29,52,0,,True,0.5,0,0.0,1.0,10.297727269895807,0.8970227273010419,176.2978059223664,8.518078588473472,0.24566657151200108,0.3196522045017207,380,43.7,52.0,534,19.55602322586479,17.59028407688612,8.4902621594924e-06,7.8992371634568315,0.0,5.5969298245614025,6.773684210526316,nan,nan,0.9666666666666667,29,30,greedy_faithful,52
greedy_faithful,30,52,0,,True,0.5,0,0.0,1.0,9.74495559703945,0.9025504440296055,176.01786879823814,7.900378097980982,0.22904337461039856,0.30147539651557564,376,42.400000000000006,52.0,526,19.573916681419355,17.774440698440568,8.439543729653748e-06,7.832132358239943,0.0,4.27770390070922,5.468085106382978,nan,nan,0.9666666666666667,29,30,greedy_faithful,52
greedy,1,52,0,,True,0.5,0,0.0,1.0,9.772180681484743,0.9022781931851526,174.07219709730666,8.070722288481557,0.21690611635465573,0.2990669214792366,362,42.5,52.0,514,19.733604962608425,17.870614671238005,1.287801559651651e-05,7.820386476003252,0.0,2.841160220994475,3.7403314917127073,nan,nan,0.9666666666666667,29,30,greedy,52
greedy,2,52,0,,True,0.5,0,0.0,1.0,10.200182514676815,0.8979981748532319,170.8344327531088,7.5468537949692704,0.22726319135592674,0.3215541989353519,383,43.1,52.0,532,19.566618207246655,18.047757881035373,1.3669548876432805e-05,7.813814313545177,0.0,4.128154917319408,5.096605744125326,nan,nan,0.9666666666666667,29,30,greedy,52
greedy,3,52,0,,True,0.5,0,0.0,1.0,9.585083985483479,0.9041491601451652,170.7382912125204,10.0,0.1529683211800453,0.22611827114612226,385,43.800000000000004,52.0,539,19.573789508008325,18.482987832399584,1.2297031546533383e-05,7.848143928468061,0.0,2.995238095238095,3.7064935064935063,nan,nan,0.9666666666666667,29,30,greedy,52
greedy,4,52,0,,True,0.5,0,0.0,1.0,9.733101445926485,0.9026689855407352,170.66822318637665,8.03003540213772,0.2567415029997058,0.3748243758665545,384,43.800000000000004,52.0,539,19.16113468963792,16.582363591204757,1.313933209972752e-05,7.823593322715115,0.0,3.150607638888889,4.192708333333333,nan,nan,0.9666666666666667,29,30,greedy,52
greedy,5,52,0,,True,0.5,0,0.0,1.0,9.871804441780963,0.9012819555821904,164.76222194117636,8.75713162490576,0.18825494622633782,0.30506831442569093,373,42.400000000000006,52.0,525,19.412113378265186,17.433592476886485,1.328704762792248e-05,7.854159337404684,0.0,2.885612153708668,3.836461126005362,nan,nan,0.9666666666666667,29,30,greedy,52
greedy,6,52,0,,True,0.5,0,0.0,1.0,9.463214119797081,0.9053678588020292,171.19141984955957,7.501210892087391,0.22828758653163408,0.33104283498307396,380,43.2,52.0,533,19.580538652796232,16.946553726845277,1.3127392133067521e-05,7.803672489572206,0.0,2.825877192982456,3.960526315789474,nan,nan,0.9666666666666667,29,30,greedy,52
greedy,7,52,0,,True,0.5,0,0.0,1.0,9.567920172116207,0.9043207982788379,180.59579508026414,8.589314139073354,0.2516197296502597,0.3197834359883404,369,43.1,52.0,532,19.81522314801017,18.04957240549728,1.3435338353229967e-05,7.822661596811205,0.0,3.1797651309846438,3.991869918699187,nan,nan,0.9666666666666667,29,30,greedy,52
greedy,8,52,1,planner_abort,True,0.5,0,0.0,1.0,9.742239974466615,0.9025776002553338,176.8455338217706,6.32687638038221,0.2572305459923008,0.4116428939762294,185,31.8,22.0,318,19.02532562856767,15.914547340635398,1.4145283030130778e-05,7.759207998933095,0.0,3.4864864864864864,4.572972972972973,nan,nan,0.9666666666666667,29,30,greedy,52
greedy,9,52,0,,True,0.5,0,0.0,1.0,8.429134617881362,0.9157086538211864,169.3183061280747,8.057255077370792,0.19542135403315317,0.2944504335308582,383,43.5,52.0,536,19.444902228450083,17.501289627293453,1.2731156693034655e-05,7.816350765811569,0.0,2.7319408181026983,3.6527415143603132,nan,nan,0.9666666666666667,29,30,greedy,52
greedy,10,52,0,,True,0.5,0,0.0,1.0,9.086355065429007,0.9091364493457099,172.23115163874184,8.910908895912,0.23346013992182035,0.32030244703815136,372,41.900000000000006,52.0,521,19.3757271191165,17.436121520079855,1.3324952007483288e-05,7.829706628761129,0.0,3.529121863799283,4.483870967741935,nan,nan,0.9666666666666667,29,30,greedy,52
greedy,11,52,0,,True,0.5,0,0.0,1.0,8.701446329867613,0.9129855367013239,167.9116999070751,8.543831568942029,0.15338089968472127,0.2399150309872699,373,43.0,52.0,530,19.48735476566945,17.860065192003347,1.1549622643044886e-05,7.800001778152645,0.0,2.382260947274352,3.222520107238606,nan,nan,0.9666666666666667,29,30,greedy,52
greedy,12,52,0,,True,0.5,0,0.0,1.0,9.919330131781855,0.9008066986821814,170.78660385568455,8.72144493540766,0.1990214709840218,0.26974722919190447,372,43.300000000000004,52.0,525,19.62554714227201,18.157594311787047,1.3236952346189702e-05,7.8409213011048235,0.0,3.646505376344086,4.400537634408602,nan,nan,0.9666666666666667,29,30,greedy,52
greedy,13,52,0,,True,0.5,0,0.0,1.0,8.871828217565492,0.9112817178243451,174.32099236412978,8.075147509585268,0.21687756630841337,0.33174577130009186,387,45.1,52.0,551,19.353581042037785,16.731123530192452,1.268221414826264e-05,7.7599004498776,0.0,2.9801894918173986,3.6149870801033592,nan,nan,0.9666666666666667,29,30,greedy,52
greedy,14,52,0,,True,0.5,0,0.0,1.0,9.313938764012741,0.9068606123598726,166.31577036291338,8.151201819075226,0.2002372794342788,0.2836087559137776,381,43.0,52.0,530,19.483238339948453,17.5476307366779,1.303509432820544e-05,7.835311806090105,0.0,2.980533683289589,4.15748031496063,nan,nan,0.9666666666666667,29,30,greedy,52
greedy,15,52,0,,True,0.5,0,0.0,1.0,9.653863600905465,0.9034613639909453,166.0723554353286,9.371602496262838,0.20278273108658082,0.3111739936045419,376,43.400000000000006,52.0,534,19.37376481296057,17.12045224512413,1.3245692910149207e-05,7.860384935183418,0.0,3.507535460992908,4.4813829787234045,nan,nan,0.9666666666666667,29,30,greedy,52
greedy,16,52,0,,True,0.5,0,0.0,1.0,9.273829637189246,0.9072617036281075,174.09199702119744,7.565856175292133,0.2420686404538686,0.32806542469788946,372,41.7,52.0,518,19.571791002814553,17.68444931272492,1.3498069502617337e-05,7.819136965175921,0.0,2.961021505376344,3.900537634408602,nan,nan,0.9666666666666667,29,30,greedy,52
greedy,17,52,0,,True,0.5,0,0.0,1.0,9.608661995477375,0.9039133800452263,169.54692286816115,7.544510125068492,0.21852827479976117,0.30874337988508593,360,40.800000000000004,52.0,509,19.679123444267503,18.11275788955134,1.3836149294910521e-05,7.829514763794771,0.0,2.815740740740741,3.613888888888889,nan,nan,0.9666666666666667,29,30,greedy,52
greedy,18,52,0,,True,0.5,0,0.0,1.0,9.91669819211346,0.9008330180788654,174.52317659379153,8.4143221465079,0.19719139205360411,0.28156021947356363,359,40.800000000000004,52.0,501,19.600173198562203,17.744248246766784,1.364131738213502e-05,7.83324235032032,0.0,3.9391829155060347,5.047353760445683,nan,nan,0.9666666666666667,29,30,greedy,52
greedy,19,52,0,,True,0.5,0,0.0,1.0,8.993008025669692,0.9100699197433031,186.06633097071006,9.774960574691152,0.25041795745250817,0.31239129766802254,365,41.6,52.0,513,19.782224532582912,18.20990630459655,1.3989668614105104e-05,7.8132978411101845,0.0,4.197488584474886,5.5479452054794525,nan,nan,0.9666666666666667,29,30,greedy,52
greedy,20,52,0,,True,0.5,0,0.0,1.0,9.911737072524417,0.9008826292747558,163.2326335217707,7.2800368337997705,0.20559115291086374,0.30923312343442805,366,42.0,52.0,516,19.459668602910774,17.054337292620318,1.3464922486569114e-05,7.843464012115628,0.0,3.208105646630237,4.3224043715847,nan,nan,0.9666666666666667,29,30,greedy,52
greedy,21,52,0,,True,0.5,0,0.0,1.0,9.577747176743634,0.9042225282325637,167.28956132903434,8.420014074180637,0.20889495002813485,0.3028303007167685,373,42.400000000000006,52.0,521,19.637393441661136,17.87831883167791,1.333646833838094e-05,7.830460510370494,0.0,2.7073279714030383,3.455764075067024,nan,nan,0.9666666666666667,29,30,greedy,52
greedy,22,52,0,,True,0.5,0,0.0,1.0,9.755889721494526,0.9024411027850547,165.59513251106904,5.875921871866931,0.2108575069614403,0.332539055968055,371,42.5,52.0,523,19.47548581862413,16.99434605339534,1.2822179749936808e-05,7.821443555665606,0.0,3.225292003593891,4.080862533692723,nan,nan,0.9666666666666667,29,30,greedy,52
greedy,23,52,0,,True,0.5,0,0.0,1.0,9.860841768534979,0.9013915823146502,168.86452028099097,7.59200040243947,0.1826558400540277,0.25308334204538196,350,40.300000000000004,52.0,503,19.668235619824113,18.108791437507904,1.4053479131421923e-05,7.845134509030378,0.0,4.05095238095238,5.631428571428572,nan,nan,0.9666666666666667,29,30,greedy,52
greedy,24,52,0,,True,0.5,0,0.0,1.0,11.219614600127048,0.8878038539987295,171.79512636398928,8.309859302742819,0.23490895578769103,0.321022261377737,365,42.5,52.0,522,19.629297864112655,17.93325154031743,1.4499233761800977e-05,7.867803766369162,0.0,4.640182648401827,5.515068493150685,nan,nan,0.9666666666666667,29,30,greedy,52
greedy,25,52,0,,True,0.5,0,0.0,1.0,9.522808296420216,0.9047719170357978,171.32086623327686,8.193887130360302,0.20315651325415887,0.2994022810502583,378,43.6,52.0,535,19.57398501327644,17.873642512421775,1.3174205599162318e-05,7.828962220650452,0.0,3.6234567901234565,4.48941798941799,nan,nan,0.9666666666666667,29,30,greedy,52
greedy,26,52,0,,True,0.5,0,0.0,1.0,9.820861121147505,0.9017913887885249,176.2591323124211,7.793171100663554,0.23725518546556457,0.312576474485006,361,41.300000000000004,52.0,509,19.762778499649762,17.631548345732096,1.3674656204736452e-05,7.817378749213333,0.0,3.335918744228994,4.310249307479224,nan,nan,0.9666666666666667,29,30,greedy,52
greedy,27,52,0,,True,0.5,0,0.0,1.0,9.90272031100481,0.9009727968899519,164.52734555321712,8.569183062656283,0.14979938281819377,0.24457701641933155,375,42.5,52.0,527,19.758869261177995,18.251337789002747,1.2729032241760981e-05,7.858221716170867,0.0,3.132,3.970666666666667,nan,nan,0.9666666666666667,29,30,greedy,52
greedy,28,52,0,,True,0.5,0,0.0,1.0,9.7039832533513,0.902960167466487,177.47785808908216,8.008898941529049,0.24056150603418322,0.30722568859973165,360,41.7,52.0,519,19.647481961336865,17.884571516530603,1.4092292871972998e-05,7.814408028615419,0.0,3.5578703703703702,4.788888888888889,nan,nan,0.9666666666666667,29,30,greedy,52
greedy,29,52,0,,True,0.5,0,0.0,1.0,10.000373772348514,0.8999962622765149,170.23377988871334,8.292785796972193,0.2090299400438459,0.2951281801714696,387,44.2,52.0,543,19.433606998222757,17.529257533849943,1.2915101311862912e-05,7.866203927339995,0.0,4.382859603789837,5.48578811369509,nan,nan,0.9666666666666667,29,30,greedy,52
greedy,30,52,0,,True,0.5,0,0.0,1.0,10.066413908457129,0.8993358609154287,174.00721114645378,7.328399774630382,0.2554886290100852,0.34078018655783726,379,42.800000000000004,52.0,528,19.310538291505203,16.808757356039713,1.3441477296000262e-05,7.8029397419676965,0.0,3.934476693051891,4.6596306068601585,nan,nan,0.9666666666666667,29,30,greedy,52
auc,1,52,0,,True,0.5,0,0.0,1.0,9.550529734966718,0.9044947026503328,170.9018955889577,7.55402149743687,0.22752108546262254,0.32738627193005704,371,42.400000000000006,52.0,523,19.194602132889113,16.826847548959215,1.0036137658550874e-05,7.818052106264527,0.0,2.926999101527403,3.816711590296496,nan,nan,1.0,30,30,auc,52
auc,2,52,0,,True,0.5,0,0.0,1.0,10.12156109106055,0.8987843890893945,175.1185727496701,8.092701170171457,0.24944745161908496,0.3394371647931478,364,41.400000000000006,52.0,513,19.539790872998346,17.83191701533329,9.737816761375689e-06,7.802613144210558,0.0,4.154761904761904,4.843406593406593,nan,nan,1.0,30,30,auc,52
auc,3,52,0,,True,0.5,0,0.0,1.0,9.398226388762332,0.9060177361123767,170.3545319412118,9.679272297012025,0.1580594424082923,0.22974919966157953,377,43.300000000000004,52.0,530,19.62822435013624,18.46910369502771,9.610754724870378e-06,7.845777118531524,0.0,2.8253757736516354,3.5782493368700266,nan,nan,1.0,30,30,auc,52
auc,4,52,0,,True,0.5,0,0.0,1.0,10.208994701503848,0.8979100529849615,167.74464180184327,7.87910365261736,0.25297872662851756,0.37089929780969855,386,43.900000000000006,52.0,541,19.175319637652038,16.612250449305947,9.50147872750616e-06,7.834103570493125,0.0,3.60405872193437,4.466321243523316,nan,nan,1.0,30,30,auc,52
auc,5,52,0,,True,0.5,0,0.0,1.0,9.921598380067497,0.900784016199325,165.95088259313434,9.30809470598772,0.1926816678513589,0.3111307975109032,374,42.400000000000006,52.0,525,19.358496178003836,17.360088316075572,1.0092571387109013e-05,7.854451602603714,0.0,3.1697860962566846,4.016042780748663,nan,nan,1.0,30,30,auc,52
auc,6,52,0,,True,0.5,0,0.0,1.0,9.176020384647343,0.9082397961535266,172.40356630146513,7.8299473754540205,0.22669273998398337,0.32925271360267905,380,43.2,52.0,533,19.58593310573885,17.01697132850432,9.301500912447981e-06,7.79890822185789,0.0,2.918421052631579,4.094736842105263,nan,nan,1.0,30,30,auc,52
auc,7,52,0,,True,0.5,0,0.0,1.0,9.887503818130416,0.9011249618186958,177.40629276802454,9.688505576782227,0.2138258282759098,0.2736504631349189,362,42.300000000000004,52.0,524,19.878189776934775,18.667266499021267,9.591984773564703e-06,7.836398723031998,0.0,2.9891804788213627,3.6408839779005526,nan,nan,1.0,30,30,auc,52
auc,8,52,0,,True,0.5,0,0.0,1.0,9.709204944792106,0.902907950552079,172.6376826120489,6.621490786232042,0.2538886238267813,0.35846820038870203,377,44.400000000000006,52.0,533,19.431470515975306,16.79389608522366,1.0093245749694569e-05,7.810115682560814,0.0,3.1783819628647216,4.116710875331565,nan,nan,1.0,30,30,auc,52
auc,9,52,0,,True,0.5,0,0.0,1.0,9.371350371936538,0.9062864962806346,171.7107868937176,7.290423935460341,0.21727101242052996,0.30911926971003467,373,42.6,52.0,526,19.477753086629356,17.34359222334569,1.0043536127936015e-05,7.817649717137191,0.0,3.024575513851653,4.083109919571045,nan,nan,1.0,30,30,auc,52
auc,10,52,0,,True,0.5,0,0.0,1.0,8.365739799988658,0.9163426020001134,172.45421173962498,8.921538692254178,0.22132572969461003,0.30127584432301546,375,42.2,52.0,523,19.70089371009675,18.115021136143696,9.396749552064193e-06,7.820889188629606,0.0,3.2475555555555546,4.088,nan,nan,1.0,30,30,auc,52
auc,11,52,0,,True,0.5,0,0.0,1.0,8.701446329867613,0.9129855367013239,167.9116999070751,8.543831568942029,0.15338089968472127,0.2399150309872699,373,43.0,52.0,530,19.48735476566945,17.860065192003347,9.302830189108993e-06,7.800001778152645,0.0,2.382260947274352,3.222520107238606,nan,nan,1.0,30,30,auc,52
auc,12,52,0,,True,0.5,0,0.0,1.0,9.688024703352838,0.9031197529664716,171.03829364676477,8.58968787775397,0.19965943777655537,0.2704746616107396,372,43.300000000000004,52.0,525,19.616416943798377,18.134794140440967,9.153904755380824e-06,7.838044646487904,0.0,3.534722222222222,4.28494623655914,nan,nan,1.0,30,30,auc,52
auc,13,52,0,,True,0.5,0,0.0,1.0,9.185758522695785,0.9081424147730421,170.75335969339096,8.805596268933444,0.18421915641596331,0.28613089332992286,367,43.0,52.0,532,19.51879499828085,17.843110922782497,9.257518747762148e-06,7.78750587833986,0.0,2.9831970935513166,3.760217983651226,nan,nan,1.0,30,30,auc,52
auc,14,52,0,,True,0.5,0,0.0,1.0,9.257251989864457,0.9074274801013554,166.11921342609287,8.358368658027755,0.19677746294831347,0.282276293167035,381,43.0,52.0,530,19.46502709547776,17.54586457233324,9.277735830008444e-06,7.829279957604775,0.0,2.8512685914260714,3.952755905511811,nan,nan,1.0,30,30,auc,52
auc,15,52,0,,True,0.5,0,0.0,1.0,9.652934244331457,0.9034706575566854,166.08959603608724,9.371602496262838,0.20241536346560288,0.31095611959166786,376,43.400000000000006,52.0,534,19.373463945529227,17.12045224512413,9.497752809407204e-06,7.860504153327959,0.0,3.5062056737588656,4.4787234042553195,nan,nan,1.0,30,30,auc,52
auc,16,52,0,,True,0.5,0,0.0,1.0,9.79469062500331,0.9020530937499669,169.96805584655664,7.354319624502692,0.23161175334962011,0.317839516445712,372,41.7,52.0,518,19.559802335174957,17.55914942702121,9.851544407331974e-06,7.8470687341761804,0.0,3.008960573476702,3.7123655913978495,nan,nan,1.0,30,30,auc,52
auc,17,52,0,,True,0.5,0,0.0,1.0,10.03709916400648,0.8996290083599352,172.60977921059882,8.458802403520181,0.20791682429891983,0.32132687636845797,365,41.300000000000004,52.0,515,19.63636026329806,17.96483643178782,1.0102912615498672e-05,7.862172730998119,0.0,4.512328767123288,5.63013698630137,nan,nan,1.0,30,30,auc,52
auc,18,52,0,,True,0.5,0,0.0,1.0,9.820291307575257,0.9017970869242474,173.60072533361597,8.577132717358829,0.2009557982103848,0.28846821836995906,364,41.400000000000006,52.0,509,19.77462768930225,18.01801761870678,9.385658177588439e-06,7.848281738250506,0.0,3.9159798534798536,4.829670329670329,nan,nan,1.0,30,30,auc,52
auc,19,52,0,,True,0.5,0,0.0,1.0,8.996972193764375,0.9100302780623563,173.40071165717748,8.694209273975508,0.22216471143232203,0.2999414856809024,385,43.2,52.0,533,19.52791560430585,17.886025611707833,9.190431506627769e-06,7.841479187778812,0.0,3.6309523809523805,4.5636363636363635,nan,nan,1.0,30,30,auc,52
auc,20,52,0,,True,0.5,0,0.0,1.0,8.942348133603872,0.9105765186639613,168.04066745441168,7.483314180425127,0.2215079089843769,0.3197088835281692,375,42.400000000000006,52.0,525,19.349027538850354,17.056947000246574,9.455809493028071e-06,7.828175642030122,0.0,2.889555555555556,3.936,nan,nan,1.0,30,30,auc,52
auc,21,52,0,,True,0.5,0,0.0,1.0,9.738792541785424,0.9026120745821458,167.26984566454277,8.734055543381153,0.1985256100484839,0.29653256511505477,377,42.5,52.0,525,19.548069874423092,17.76517656862184,9.529904773877379e-06,7.84501709441713,0.0,2.852343059239611,3.687002652519894,nan,nan,1.0,30,30,auc,52
auc,22,52,0,,True,0.5,0,0.0,1.0,9.552739414951471,0.9044726058504853,165.86750480519373,6.018873212790025,0.21007622331596865,0.33277579832015153,371,42.6,52.0,524,19.476949672606953,17.000444909386335,9.954007615681087e-06,7.83178795299394,0.0,3.4353099730458223,4.32345013477089,nan,nan,1.0,30,30,auc,52
auc,23,52,0,,True,0.5,0,0.0,1.0,10.568067683200344,0.8943193231679966,166.3905204723899,7.693506371364018,0.17841592240942014,0.2468885686466693,355,40.800000000000004,52.0,508,19.655724507519515,18.03578263793597,9.947834670794949e-06,7.8772032176489395,0.0,4.024647887323944,5.445070422535212,nan,nan,1.0,30,30,auc,52
auc,24,52,0,,True,0.5,0,0.0,1.0,11.057868319805753,0.8894213168019425,171.99114131956648,8.425194089219126,0.23224972865840293,0.3219368286968816,370,42.6,52.0,522,19.58890066772971,17.903505487403535,9.676436772794146e-06,7.857712011737645,0.0,4.705405405405405,5.613513513513514,nan,nan,1.0,30,30,auc,52
auc,25,52,0,,True,0.5,0,0.0,1.0,9.22463890582309,0.9077536109417691,171.4307176475167,8.060340497047706,0.2026304354911444,0.2989015215381354,378,43.6,52.0,535,19.57822736721591,17.87238023462511,9.43850467864709e-06,7.827431616387652,0.0,3.3152557319223988,4.224867724867725,nan,nan,1.0,30,30,auc,52
auc,26,52,0,,True,0.5,0,0.0,1.0,9.758514194731516,0.9024148580526848,174.7443829052741,7.790174751411041,0.23868462834135723,0.3238217774191238,379,42.6,52.0,527,19.529433111320913,17.191725540130022,9.453510444060603e-06,7.819245971912006,0.0,3.092260334212841,3.9525065963060686,nan,nan,1.0,30,30,auc,52
auc,27,52,0,,True,0.5,0,0.0,1.0,9.475898556656437,0.9052410144334356,169.5901133629592,9.226563955328178,0.16534792104875576,0.2570810336511487,377,42.800000000000004,52.0,529,19.704889463263687,18.06784678153223,9.954064261242623e-06,7.853207155852389,0.0,2.967506631299735,3.970822281167109,nan,nan,1.0,30,30,auc,52
auc,28,52,0,,True,0.5,0,0.0,1.0,10.267289123010947,0.8973271087698905,174.67895864434254,8.071376298015545,0.2412624809018389,0.30997828983066694,346,40.800000000000004,52.0,502,19.466144472742638,17.597089284199544,1.0791235048911975e-05,7.8443076256257465,0.0,3.7422928709055876,4.884393063583815,nan,nan,1.0,30,30,auc,52
auc,29,52,0,,True,0.5,0,0.0,1.0,9.99983796680054,0.9000016203319946,170.2358851005003,8.283050872738958,0.2090172416311475,0.29511312041729787,387,44.2,52.0,543,19.433606998222757,17.529257533849943,9.242541429229315e-06,7.86626736843336,0.0,4.382859603789837,5.48578811369509,nan,nan,1.0,30,30,auc,52
auc,30,52,0,,True,0.5,0,0.0,1.0,10.161967983397723,0.8983803201660228,173.76590408017796,7.483945210470767,0.23367169225060413,0.3048133006209247,366,41.7,52.0,515,19.707116512674357,17.788974476101913,1.0091067925157722e-05,7.845237578271882,0.0,3.7654826958105647,4.532786885245901,nan,nan,1.0,30,30,auc,52
no_platooning,1,52,0,,True,0.5,0,0.0,1.0,7.9163904657094,0.920836095342906,165.00411993965398,10.0,0.09785070273649157,0.19963219584615996,370,42.300000000000004,52.0,524,19.386341893231037,17.722006382228127,3.810877853038966e-06,7.644140805117686,0.0,1.0,1.0,nan,nan,0.9333333333333333,28,30,no_platooning,52
no_platooning,2,52,1,planner_abort,True,0.5,0,0.0,1.0,0.0,1.0,nan,4.376137087535768,0.3771077540658782,0.9011294145564032,0,7.1000000000000005,0.0,71,18.90999585314667,16.4411278252389,3.3887324373698532e-06,7.207177598259018,0.0,nan,nan,nan,nan,0.9333333333333333,28,30,no_platooning,52
no_platooning,3,52,0,,True,0.5,0,0.0,1.0,7.158050203930532,0.9284194979606947,165.82809698656752,10.0,0.11658812370261905,0.24035786053284425,399,45.1,52.0,552,19.15370290455876,17.225486172805656,3.68152173094764e-06,7.641678619499366,0.0,1.0,1.0,nan,nan,0.9333333333333333,28,30,no_platooning,52
no_platooning,4,52,0,,True,0.5,0,0.0,1.0,7.524971884310272,0.9247502811568973,164.88272152630825,7.141831670640015,0.16997977343235784,0.4779570896726914,398,45.1,52.0,552,18.98559859649296,16.244322454300214,3.696739159038217e-06,7.584791829998215,0.0,1.0,1.0,nan,nan,0.9333333333333333,28,30,no_platooning,52
no_platooning,5,52,0,,True,0.5,0,0.0,1.0,8.030172767666176,0.9196982723233382,164.5558737479691,10.0,0.10720867399717234,0.2241415292109845,364,41.300000000000004,52.0,515,19.347410571319138,17.984133784471148,3.871262149525879e-06,7.629927483465339,0.0,1.0,1.0,nan,nan,0.9333333333333333,28,30,no_platooning,52
no_platooning,6,52,0,,True,0.5,0,0.0,1.0,7.47893739537896,0.9252106260462104,165.628775227845,9.987643442882067,0.1077067294847513,0.24514607661038879,373,42.5,52.0,526,19.341414462183597,17.35420427868945,3.7669201118463453e-06,7.6271034826687485,0.0,1.0,1.0,nan,nan,0.9333333333333333,28,30,no_platooning,52
no_platooning,7,52,0,,True,0.5,0,0.0,1.0,8.066823999883077,0.9193317600011692,164.35705520552287,10.0,0.12089415147737158,0.2570681534376232,379,44.0,52.0,541,19.149602765083827,17.12217033401112,3.7621072105325923e-06,7.635466473110323,0.0,1.0,1.0,nan,nan,0.9333333333333333,28,30,no_platooning,52
no_platooning,8,52,0,,True,0.5,0,0.0,1.0,7.150732110730051,0.9284926788926995,165.44345202760493,9.814622836107793,0.1365058196194003,0.28743672607339826,397,45.300000000000004,52.0,554,19.105399766918588,16.89413098045917,3.7812274074940924e-06,7.631163296504307,0.0,1.0,1.0,nan,nan,0.9333333333333333,28,30,no_platooning,52
no_platooning,9,52,1,planner_abort,True,0.5,0,0.0,1.0,7.444994855239395,0.925550051447606,165.73400274045125,8.671057801181872,0.18515958161447343,0.5132932322362225,278,40.5,33.0,405,18.792081379445698,15.54224783672634,4.051358029508624e-06,7.569104535302733,0.0,1.0,1.0,nan,nan,0.9333333333333333,28,30,no_platooning,52
no_platooning,10,52,0,,True,0.5,0,0.0,1.0,7.92347977155945,0.9207652022844055,165.06724703971904,10.0,0.12230091655220322,0.23449370505591569,372,41.800000000000004,52.0,519,19.21483805945649,17.72611541073291,3.7643545170980576e-06,7.632638220229182,0.0,1.0,1.0,nan,nan,0.9333333333333333,28,30,no_platooning,52
no_platooning,11,52,0,,True,0.5,0,0.0,1.0,6.508089451832122,0.9349191054816788,166.48521505001654,9.113330168270844,0.13797967476857606,0.27000361089387326,391,44.6,52.0,548,18.946837728998876,16.61810530264439,3.67664233469912e-06,7.623541606563259,0.0,1.0,1.0,nan,nan,0.9333333333333333,28,30,no_platooning,52
no_platooning,12,52,0,,True,0.5,0,0.0,1.0,7.18787206147129,0.9281212793852871,165.60877875049727,10.0,0.08413235792559148,0.18368218578875525,386,44.0,52.0,542,19.342574246192907,17.683958050745336,3.716789677705207e-06,7.65434576513605,0.0,1.0,1.0,nan,nan,0.9333333333333333,28,30,no_platooning,52
no_platooning,13,52,0,,True,0.5,0,0.0,1.0,7.097566214504736,0.9290243378549526,165.6483800398074,10.0,0.11480471031285949,0.2442217102222582,377,44.0,52.0,541,19.145632924606915,17.311379344439093,3.7164510102367396e-06,7.600601062145309,0.0,1.0,1.0,nan,nan,0.9333333333333333,28,30,no_platooning,52
no_platooning,14,52,0,,True,0.5,0,0.0,1.0,8.034070386872017,0.9196592961312798,164.9749764118701,10.0,0.09660432784793889,0.1804755940353976,366,41.400000000000006,52.0,515,19.40661227554028,18.04726171227572,3.786407770234097e-06,7.647937912455649,0.0,1.0,1.0,nan,nan,0.9333333333333333,28,30,no_platooning,52
no_platooning,15,52,0,,True,0.5,0,0.0,1.0,8.30738044416428,0.9169261955583572,165.00229600564217,10.0,0.0664161438336354,0.13754761003022112,359,41.5,52.0,517,19.63986896761244,18.473970653026203,3.7642166294775385e-06,7.6567179627170665,0.0,1.0,1.0,nan,nan,0.9333333333333333,28,30,no_platooning,52
no_platooning,16,52,0,,True,0.5,0,0.0,1.0,7.87706907690019,0.9212293092309981,165.3306666449946,10.0,0.09350216969094832,0.19307638216710993,363,40.800000000000004,52.0,509,19.473866250859338,18.14677690555151,3.810805475257185e-06,7.648698768398764,0.0,1.0,1.0,nan,nan,0.9333333333333333,28,30,no_platooning,52
no_platooning,17,52,0,,True,0.5,0,0.0,1.0,7.965109968434103,0.920348900315659,164.46557155551372,10.0,0.12997375777486167,0.27531289962560784,377,42.300000000000004,52.0,527,18.965982924629923,16.679744480492353,3.724667917603699e-06,7.633296281039942,0.0,1.0,1.0,nan,nan,0.9333333333333333,28,30,no_platooning,52
no_platooning,18,52,0,,True,0.5,0,0.0,1.0,7.750775531821919,0.9224922446817808,165.33698813099892,10.0,0.09956847051501479,0.20274725861552897,379,42.300000000000004,52.0,524,19.406013518036943,17.811508446103343,3.84713737952802e-06,7.649475293333752,0.0,1.0,1.0,nan,nan,0.9333333333333333,28,30,no_platooning,52
no_platooning,19,52,0,,True,0.5,0,0.0,1.0,7.550986214717437,0.9244901378528256,165.3261992320644,10.0,0.08626071422301348,0.17903971529634854,374,42.1,52.0,523,19.47821442464628,18.436582657518848,3.7826003680985295e-06,7.643742507062886,0.0,1.0,1.0,nan,nan,0.9333333333333333,28,30,no_platooning,52
no_platooning,20,52,0,,True,0.5,0,0.0,1.0,8.255192340807438,0.9174480765919256,164.52226820364703,10.0,0.09767452974955489,0.19051328783580354,361,41.0,52.0,512,19.463023377150332,18.00179529797217,3.854687500748355e-06,7.647902813884442,0.0,1.0,1.0,nan,nan,0.9333333333333333,28,30,no_platooning,52
no_platooning,21,52,0,,True,0.5,0,0.0,1.0,7.9853484351607,0.920146515648393,164.6744728706257,10.0,0.13071438438482588,0.2616128104877009,389,43.5,52.0,537,19.17472338359896,17.116802126199445,3.7143389152476106e-06,7.626411118250965,0.0,1.0,1.0,nan,nan,0.9333333333333333,28,30,no_platooning,52
no_platooning,22,52,0,,True,0.5,0,0.0,1.0,7.497633361852918,0.9250236663814708,165.5627933164376,9.612030984126175,0.1465318272213012,0.292996212615337,401,44.900000000000006,52.0,551,19.135046032687786,16.836493260922715,3.7499092718916556e-06,7.615845001652052,0.0,1.0,1.0,nan,nan,0.9333333333333333,28,30,no_platooning,52
no_platooning,23,52,0,,True,0.5,0,0.0,1.0,7.251329153386266,0.9274867084661373,166.03862280594177,10.0,0.08901209681211407,0.18320535311187516,375,42.6,52.0,528,19.31409027171971,17.655048503304503,3.7140151445066403e-06,7.649636334863487,0.0,1.0,1.0,nan,nan,0.9333333333333333,28,30,no_platooning,52
no_platooning,24,52,0,,True,0.5,0,0.0,1.0,7.100334626537574,0.9289966537346243,165.70987687060116,10.0,0.13182806146813675,0.27600729615391106,393,44.400000000000006,52.0,546,19.20261870346908,17.457564431481746,3.6716116996196947e-06,7.626423438134208,0.0,1.0,1.0,nan,nan,0.9333333333333333,28,30,no_platooning,52
no_platooning,25,52,0,,True,0.5,0,0.0,1.0,7.284101472313087,0.9271589852768691,165.52095195242256,10.0,0.11671179732355165,0.2339545880911385,391,44.7,52.0,548,19.218718082015243,17.469986403354,3.652919713867893e-06,7.642804700610364,0.0,1.0,1.0,nan,nan,0.9333333333333333,28,30,no_platooning,52
no_platooning,26,52,0,,True,0.5,0,0.0,1.0,8.19062853976199,0.9180937146023801,164.28745980633573,10.0,0.12752747681283652,0.24891858122182267,373,42.0,52.0,522,19.231597563865314,17.27538022253177,3.717432952457767e-06,7.630987020183513,0.0,1.0,1.0,nan,nan,0.9333333333333333,28,30,no_platooning,52
no_platooning,27,52,0,,True,0.5,0,0.0,1.0,7.185844512389061,0.9281415548761094,165.94848159481026,10.0,0.07786522135562911,0.17340998615911454,379,42.900000000000006,52.0,530,19.484229960234572,18.23286513519243,3.6924528120714897e-06,7.653119795779422,0.0,1.0,1.0,nan,nan,0.9333333333333333,28,30,no_platooning,52
no_platooning,28,52,0,,True,0.5,0,0.0,1.0,7.851126983461532,0.9214887301653847,165.14928706781353,10.0,0.09425052645169384,0.18237408055153528,367,42.400000000000006,52.0,525,19.41423417825187,18.144242119499154,3.8066666664755238e-06,7.640087477973702,0.0,1.0,1.0,nan,nan,0.9333333333333333,28,30,no_platooning,52
no_platooning,29,52,0,,True,0.5,0,0.0,1.0,7.136274975437907,0.9286372502456209,165.90521700092438,10.0,0.10475972295212209,0.205484787207801,381,43.5,52.0,537,19.312579398755652,17.694593113207524,3.751396646088937e-06,7.642565137318878,0.0,1.0,1.0,nan,nan,0.9333333333333333,28,30,no_platooning,52
no_platooning,30,52,0,,True,0.5,0,0.0,1.0,8.027260091631028,0.9197273990836897,163.9410271527746,10.0,0.1254957251207887,0.2447192318480392,380,42.7,52.0,529,19.175625822232963,17.374851477234174,3.7162570990854214e-06,7.635329654857185,0.0,1.0,1.0,nan,nan,0.9333333333333333,28,30,no_platooning,52
idm_mobil,1,52,0,,True,0.5,0,0.0,1.0,1.4306132862664467,0.9856938671373355,124.74164581904931,3.4565840528518508,0.528378207085454,0.8040834838266787,846,90.60000000000001,52.0,1064,7.555729234934313,3.1634852058721363,0.0,0.0,0.0,nan,nan,nan,nan,1.0,30,30,idm_mobil,52
idm_mobil,2,52,0,,True,0.5,0,0.0,1.0,2.0234263392427954,0.979765736607572,118.83073391085928,3.3019154300977993,0.5236931952343167,0.8037925942133687,867,91.5,52.0,1064,7.293718303411038,2.9604624087397213,0.0,0.0,0.0,nan,nan,nan,nan,1.0,30,30,idm_mobil,52
idm_mobil,3,52,0,,True,0.5,0,0.0,1.0,2.0534678217436264,0.9794653217825637,120.23459107029566,3.3321792438708298,0.5155587938783874,0.7919604310920432,792,88.5,52.0,1047,7.89649752106143,3.4363676427223533,0.0,0.0,0.0,nan,nan,nan,nan,1.0,30,30,idm_mobil,52
idm_mobil,4,52,0,,True,0.5,0,0.0,1.0,2.191989949140516,0.9780801005085948,116.57841794927732,3.303869107290605,0.5687297059933065,1.6951807503275853,823,88.0,52.0,1013,8.035343330985242,3.524769723919894,0.0,0.0,0.0,nan,nan,nan,nan,1.0,30,30,idm_mobil,52
idm_mobil,5,52,0,,True,0.5,0,0.0,1.0,4.197187331712671,0.9580281266828733,108.73454514610377,5.220565625479263,0.23968041906386733,0.569277664177052,573,120.0,35.0,1200,4.453783588397091,1.9908012449007602,0.0,0.0,0.0,nan,nan,nan,nan,1.0,30,30,idm_mobil,52
idm_mobil,6,52,0,,True,0.5,0,0.0,1.0,2.0775658730910473,0.9792243412690895,119.76562636370109,3.2852838629514336,0.5277231130554876,0.799466050617019,793,85.10000000000001,52.0,991,8.027335220644886,3.4697840602995953,0.0,0.0,0.0,nan,nan,nan,nan,1.0,30,30,idm_mobil,52
idm_mobil,7,52,0,,True,0.5,0,0.0,1.0,1.6391547734074696,0.9836084522659253,120.15504968426903,3.112034857078574,0.5443903854545546,0.8175273541551433,879,96.30000000000001,52.0,1121,7.246327592033201,2.9657443376440082,0.0,0.0,0.0,nan,nan,nan,nan,1.0,30,30,idm_mobil,52
idm_mobil,8,52,0,,True,0.5,0,0.0,1.0,1.8063870299365292,0.9819361297006347,120.51129687654637,3.428294857729572,0.5110859901630987,0.7883223503053511,914,94.9,52.0,1090,7.6625922439405345,3.7804497881413726,0.0,0.0,0.0,nan,nan,nan,nan,1.0,30,30,idm_mobil,52
idm_mobil,9,52,0,,True,0.5,0,0.0,1.0,1.9310656681872373,0.9806893433181276,120.32446978184241,3.205423623688933,0.5238380115834951,0.8002147619303617,810,88.80000000000001,52.0,1035,7.76382506957657,3.25355488081666,0.0,0.0,0.0,nan,nan,nan,nan,1.0,30,30,idm_mobil,52
idm_mobil,10,52,0,,True,0.5,0,0.0,1.0,2.2331443574869048,0.977668556425131,116.82527032239837,3.3520972492201784,0.5126120671200093,0.7657625215345509,826,85.60000000000001,52.0,1012,7.687606004056393,3.165157825772933,0.0,0.0,0.0,nan,nan,nan,nan,1.0,30,30,idm_mobil,52
idm_mobil,11,52,0,,True,0.5,0,0.0,1.0,2.6418849187199944,0.9735811508128001,109.60999572371584,3.587238248432478,0.5278001947081834,0.7828409773401667,855,87.7,52.0,1036,8.137302244668055,3.838219130091259,0.0,0.0,0.0,nan,nan,nan,nan,1.0,30,30,idm_mobil,52
idm_mobil,12,52,0,,True,0.5,0,0.0,1.0,1.9792464407554111,0.9802075355924459,119.70621106907967,3.5539875722603673,0.5031255997976544,0.779677227628309,872,91.10000000000001,52.0,1064,8.088381331411846,4.061914857506503,0.0,0.0,0.0,nan,nan,nan,nan,1.0,30,30,idm_mobil,52
idm_mobil,13,52,0,,True,0.5,0,0.0,1.0,2.036563638936062,0.9796343636106394,114.6683551230539,3.325878068694883,0.5769087913269769,0.8455232008019758,831,91.7,52.0,1077,7.670597733928375,3.2879240885897847,0.0,0.0,0.0,nan,nan,nan,nan,1.0,30,30,idm_mobil,52
idm_mobil,14,52,0,,True,0.5,0,0.0,1.0,2.2457742339767606,0.9775422576602324,116.19547521225381,3.61776798608196,0.5087850965792692,0.7693803467906272,855,88.0,52.0,1038,7.941484412393284,3.8443695558476496,0.0,0.0,0.0,nan,nan,nan,nan,1.0,30,30,idm_mobil,52
idm_mobil,15,52,0,,True,0.5,0,0.0,1.0,1.9190092385535484,0.9808099076144645,119.71812985528173,3.15460003787628,0.5210765968747237,0.80097057947858,866,89.9,52.0,1056,7.421505912387206,2.6420099099705054,0.0,0.0,0.0,nan,nan,nan,nan,1.0,30,30,idm_mobil,52
idm_mobil,16,52,0,,True,0.5,0,0.0,1.0,2.4971583748262804,0.9750284162517372,110.65219374765894,3.404716501383013,0.5653652219739647,0.7940809203324563,814,85.4,52.0,1002,8.06400871865438,3.547804561349548,0.0,0.0,0.0,nan,nan,nan,nan,1.0,30,30,idm_mobil,52
idm_mobil,17,52,0,,True,0.5,0,0.0,1.0,1.9402215793518973,0.980597784206481,118.48329124914122,3.251217147931653,0.5483167860028002,0.8136591375149855,858,93.4,52.0,1092,7.137960864785669,2.811152073670626,0.0,0.0,0.0,nan,nan,nan,nan,1.0,30,30,idm_mobil,52
idm_mobil,18,52,0,,True,0.5,0,0.0,1.0,2.8558252608247736,0.9714417473917523,111.86454011574924,3.756453083296608,0.5182742627483774,0.768424286541513,764,79.4,52.0,942,8.690771102131375,4.088379322649472,0.0,0.0,0.0,nan,nan,nan,nan,1.0,30,30,idm_mobil,52
idm_mobil,19,52,0,,True,0.5,0,0.0,1.0,1.7174694548349745,0.9828253054516503,121.04213355106373,3.1066027175110524,0.5222401793115145,0.7889227707192682,886,96.9,52.0,1120,6.940439975233789,2.6893225722061405,0.0,0.0,0.0,nan,nan,nan,nan,1.0,30,30,idm_mobil,52
idm_mobil,20,52,0,,True,0.5,0,0.0,1.0,2.2477901013188695,0.9775220989868113,116.38258272811156,3.3211708626896685,0.5090398731225468,0.7699329207855952,867,90.9,52.0,1064,7.34879291057645,3.019497217797034,0.0,0.0,0.0,nan,nan,nan,nan,1.0,30,30,idm_mobil,52
idm_mobil,21,52,0,,True,0.5,0,0.0,1.0,1.550485855589856,0.9844951414441014,124.75301135587021,3.1151189828719454,0.506999569827823,0.7927218306012688,860,92.2,52.0,1079,7.226435942367426,2.5044784396808244,0.0,0.0,0.0,nan,nan,nan,nan,1.0,30,30,idm_mobil,52
idm_mobil,22,52,0,,True,0.5,0,0.0,1.0,2.6887299830187783,0.9731127001698122,109.4694938753858,3.4113198095156103,0.5604994147281835,0.8111606952815775,793,84.4,52.0,998,8.087175453219722,3.298879804034456,0.0,0.0,0.0,nan,nan,nan,nan,1.0,30,30,idm_mobil,52
idm_mobil,23,52,0,,True,0.5,0,0.0,1.0,2.2335972913355873,0.9776640270866441,118.39364438122115,3.495113646029761,0.4963154206627197,0.7755713213706367,844,88.60000000000001,52.0,1033,7.751639727436434,3.5342417600778107,0.0,0.0,0.0,nan,nan,nan,nan,1.0,30,30,idm_mobil,52
idm_mobil,24,52,0,,True,0.5,0,0.0,1.0,2.3670753219417917,0.9763292467805821,114.43646084977443,3.470695952538743,0.5335500104479797,0.7819755641729377,818,87.5,52.0,1026,7.6872252786752595,3.137856805274139,0.0,0.0,0.0,nan,nan,nan,nan,1.0,30,30,idm_mobil,52
idm_mobil,25,52,0,,True,0.5,0,0.0,1.0,1.9920932750683296,0.9800790672493167,118.9269664466279,3.224379637183885,0.5415689095592693,0.8056362070511353,824,91.5,52.0,1072,7.979043980603547,3.852774736953798,0.0,0.0,0.0,nan,nan,nan,nan,1.0,30,30,idm_mobil,52
idm_mobil,26,52,0,,True,0.5,0,0.0,1.0,2.159557353967778,0.9784044264603222,115.92980690621867,3.199610830150914,0.52608192711743,0.7790116962837346,852,96.2,52.0,1114,6.900049029608998,2.68599872315618,0.0,0.0,0.0,nan,nan,nan,nan,1.0,30,30,idm_mobil,52
idm_mobil,27,52,0,,True,0.5,0,0.0,1.0,2.076128825356238,0.9792387117464376,118.7445423632467,3.2619559570116574,0.5222946294613877,0.8239170083686324,915,95.2,52.0,1099,7.468532977724934,3.2908029109006462,0.0,0.0,0.0,nan,nan,nan,nan,1.0,30,30,idm_mobil,52
idm_mobil,28,52,0,,True,0.5,0,0.0,1.0,2.5816257168115087,0.9741837428318849,110.68251359379614,3.259072273991799,0.5357987710445746,0.7938963892911403,834,86.9,52.0,1027,7.853493283925527,3.497300862414358,0.0,0.0,0.0,nan,nan,nan,nan,1.0,30,30,idm_mobil,52
idm_mobil,29,52,0,,True,0.5,0,0.0,1.0,2.7899003608021555,0.9721009963919784,130.29285653886373,5.29990450292063,0.2120456161067366,0.5679519166898069,549,120.0,32.0,1200,4.386355827521511,1.9439116742792157,0.0,0.0,0.0,nan,nan,nan,nan,1.0,30,30,idm_mobil,52
idm_mobil,30,52,0,,True,0.5,0,0.0,1.0,2.081348563130392,0.9791865143686961,118.79317656188047,3.3115968741895245,0.5189774448328032,0.7930973124295206,880,89.4,52.0,1047,7.700163411246559,3.24176529045087,0.0,0.0,0.0,nan,nan,nan,nan,1.0,30,30,idm_mobil,52
